agent,employeeLastName,employeeName
304,Metzger,Kelly
240,Giller,Trenton
303,Nguyen,Yao
15,Ratphonthee,Adam
241,Jones,Sky
8,Hoeger,Ravinder
250,Hewlett,Tawny
115,al-Abood,Fateena
5,Albro,Kristina
175,Troyer,Jennifer
134,Snow,Kevin
156,al-Can,Fareed
243,Canino,Wyatt
242,Nolder,Jacob
3,Kemp,Dae Vondrae
105,Butler,Benjamin
40,el-Bilal,Shuaib
147,Hernandez,Leal Joshua
306,Clark,Warren
184,Davis,Alexandria
96,Howlingwolf,Vincent
2,Hudson,Colten
127,Brown,Kenneth
95,Holder,Ka'Sandra
146,Sugar,Johnathan
9,el-Kaba,Abdul Rauf
177,Campos,Bejarano Edith
6,Zambrano,Jordan
143,el-Nasr,Abeer
244,Jackson,Michael
149,Vasquez,Oscar
167,Trevizo,Pena Mariah
300,Bruins,Kenneth
171,Ngo,Koafeng
305,el-Rafiq,Khairiya
67,Hoang,Amanda
196,Quach,Jiyoon
152,Anderson,Amber
142,Ha,Kitana
261,al-Syed,Taqiyya
104,Baldino,Gabrielle
36,al-Doud,Mahuroos
26,Berhane,Desean
29,Venkateswaran,Yvesvince
258,Howard,Julia
110,White,Baylee
71,Thielbert,Anna
181,Wadsworth,Austin
88,Neuroth,Lauren
251,Fiddelke,Nicholas
275,Phillips,Eshe
69,Trent,Tessa
248,Vu,Edward
208,Oyebi,Joshua
256,el-Molla,Qamraaa
314,Archuletta,Rebecca
126,Stonewall,Maquaja
281,Yu,Robyn
273,Kreidle,Makenna
253,Ramos,Joseph
185,Meharzi,Rachel
330,Cohen,Vincent
334,el-Odeh,Haani
328,Huff,Jessica
326,el-Ghattas,Fikra
321,Vigil,Asien
324,Flowers,Tashanick
313,Lambert,Brian
38,Casarez,Taylor
155,Garcia,Tyler
68,Trujillo,Sequoya
335,Covarrubias,Garcia Krystal
308,al-Asmar,Nuzha
332,Smith,Lyn
94,Billingsley,Derrell
348,Bauer,Tai
310,Goluch,Alexis
339,el-Elamin,Muthanna
375,al-Wakim,Zaghlool
66,Hines,Faith
327,Jeong,Michael
387,Hildebrandt,Miranda
298,Mead,Suni
91,Grove,Jeremiah
245,Sandoval,Victor
385,el-Baluch,Tayyiba
257,Caruso,Brenda
393,al-Shafi,Fahmi
168,Terry,Preston
405,Thanh,Alexsander
249,Karr,Nikole
315,el-Naqvi,Zaidaan
75,el-Baddour,Wasmaaa
128,Sanchez,Anthony
307,Salihi,Jack
11,Cheema,Peter
436,Schmunk,Hunter
1,el-Farid,Khadeeja
201,Knodel-Eldridge,Destiny
183,Dorey,Londyn
223,el-Mady,Lubna
368,el-Bacho,Abdur Rahmaan
336,Singleton,Frank
291,Horn,Diana
464,King,Austin
411,al-Syed,Saamyya
481,Kim,Tina
10,al-Munir,Lubaaba
154,Lopez,Jacobo
468,Mccollum,Ivy
410,Liu,Phat
390,Tolbert,Deshayla
440,el-Waheed,Nabeela
495,Murray,Jadrian
492,Mcconnell,Kameron
493,el-Nouri,Shaimaaa
434,al-Fawaz,Ismaeel
57,Nunez,Marylisa
531,Bergren,Samantha
420,Garcia,Dalyce
483,el-Atallah,Shujaa
526,Mix,Joan
472,al-Shafi,Salmaan
429,Le,Dede
16,el-Sadri,Sadoon
446,Mai,Khampane
34,Batiste,Malik
78,Posey,Kaeyla
139,Fuino,Justin
252,Luong,Bintang
270,Jefferson,Mathew
47,Sanders,Tyler
114,el-Faraj,Jeelaan
301,Schult,Madison
193,el-Musa,Hamaama
182,Piazza,Kevin
135,el-Hamid,Nizaar
350,Wada,Tiffany
195,Hall,Benjamin
352,al-Soliman,Ramalaan
355,Green,Darius
159,el-Samaan,Qamraaa
363,Smith,Alexander
384,el-Raad,Sireen
360,el-Pour,Kabeer
331,Clark,Ryland
367,Victorino,Alexandra
64,Coleman,Jareed
406,Holyoak,Jessica
163,Rivera,Karen
414,el-Pirani,Tawheed
333,al-Aly,Naseer
427,Yeddanapudy,Daniel
431,Benally,Dylan
430,al-Siddique,Abdus Samad
426,el-Saeed,Nadeera
438,Mulbah,Noor
433,Machuca,Lorenzo
418,Marquez,Christopher
441,Wu,Zheng Anna
282,Piscopio,Anne
432,Hall,Manuelito
72,al-Hameed,Labeeb
450,Garcia,Mckenzy
180,Thomas,Virginia
454,Brinson,Cleveland
455,el-Fahmy,Rif'a
59,Polk,Paige
451,Patel,Wenli
254,Kendall,Donovan
358,Carr,Tyler
469,Salazar,Leticia
165,Kunzman,Razzia
467,Vigil,Sierra
510,Smith,Chilord
337,el-Rehman,Sumbula
476,Dickey,Lauren
502,Buckman,Jr Stalin
527,Lansing,Jacob
479,el-Dib,Haatim
508,Williams,Kelly
535,Holland,Jamal
302,Rios,Marissa
497,Duenas,Alvarez Danielle
187,Solis,Jessica
